src_port,src_adrs,dst_adrs,Flow_Size,start_time,end_time,completion_time,completion_time[ms],[Mb/s]
51810,192.168.0.41,192.168.0.42,1112341,0.0,0.010138988,0.010138988,10.138988,0.0
36951,192.168.0.41,192.168.0.42,1117555,0.017591953,0.050041914,0.032449961,32.449961,0.0
46608,192.168.0.41,192.168.0.42,1105477,0.057850838,0.109277964,0.051427126000000004,51.427126,0.0
47426,192.168.0.41,192.168.0.42,1107259,0.117316961,0.165206909,0.047889948000000016,47.88994800000002,0.0
33428,192.168.0.41,192.168.0.42,1106005,0.169439793,0.235998869,0.066559076,66.55907599999999,0.0
