src_port,src_adrs,dst_adrs,Flow_Size,start_time,end_time,completion_time,completion_time[ms],[Mb/s]
50889,192.168.0.41,192.168.0.42,79220,3.527118206,3.533906221,0.006788015000000147,6.788015000000147,0.0
50890,192.168.0.41,192.168.0.42,79220,3.527188063,3.533922195,0.006734132000000059,6.734132000000059,0.0
50891,192.168.0.41,192.168.0.42,79220,3.52720499,3.533937216,0.006732226000000008,6.732226000000008,0.0
50892,192.168.0.41,192.168.0.42,79220,3.527218103,3.533954144,0.006736040999999915,6.736040999999915,0.0
50893,192.168.0.41,192.168.0.42,79220,3.527230024,3.533991098,0.0067610739999999225,6.7610739999999225,0.0
50894,192.168.0.41,192.168.0.42,79220,3.527243137,3.534013033,0.006769895999999775,6.769895999999775,0.0
50895,192.168.0.41,192.168.0.42,79220,3.527255058,3.53403306,0.006778001999999894,6.778001999999894,0.0
50896,192.168.0.41,192.168.0.42,79220,3.527266026,3.534445047,0.00717902100000023,7.17902100000023,0.0
