src_port,src_adrs,dst_adrs,Flow_Size,start_time,end_time,completion_time,completion_time[ms],[Mb/s]
50883,192.168.0.41,192.168.0.42,79220,0.0,0.001923084,0.001923084,1.923084,0.0
50884,192.168.0.41,192.168.0.42,79220,7.2002e-05,0.002624035,0.002552033,2.5520329999999998,0.0
