src_port,src_adrs,dst_adrs,Flow_Size,start_time,end_time,completion_time,completion_time[ms],[Mb/s]
50885,192.168.0.41,192.168.0.42,79220,0.0,0.003302097,0.003302097,3.302097,0.0
50886,192.168.0.41,192.168.0.42,79220,7.6056e-05,0.003322124,0.003246068,3.246068,0.0
50887,192.168.0.41,192.168.0.42,79220,9.6083e-05,0.003373146,0.003277063,3.277063,0.0
50888,192.168.0.41,192.168.0.42,79220,0.00011301,0.00383997,0.0037269599999999996,3.7269599999999996,0.0
